,max,mean,median,min,std,missing
Age,19.0,16.996108949416342,17.0,15.0,1.4580668249557998,229.0
Days_missed,34.0,18.011138613861387,18.0,2.0,9.629370843452733,192.0
First_name,,,,,,0
GPA,4.0,2.988446726572529,3.0,2.0,0.8182494485644533,221.0
Gender,,,,,,226
Graduated,,,,,,0
ID,1000.0,500.5,500.5,1.0,288.8194360957494,0.0
Last_name,,,,,,0
State,,,,,,116
