,accuracy,precision,recall,F1,AUC
BAG,0.9,1,0.333333333,0.5,0.425
GB,0.85,0,0,0,0.430555556
RF,0.85,0,0,0,0.35
DT,0.8,0.333333333,0.333333333,0.333333333,0.161111111
KNN,0.85,0,0,0,0.136111111
LR,0.9,1,0.333333333,0.5,0.377941176
SVM,0.9,1,0.333333333,0.5,0.281481481